{
    "[RIVER, TIME] One Step LK": 2.7385098934173584,
    "[RIVER, MSE] Original video": 46.84747208436725,
    "[RIVER, MSE] One Step LK": 626.3927027530108,
    "[RIVER, TIME] Full LK": 18.632490396499634,
    "[RIVER, MSE] Full LK": 62.79573867549586
}